,id,projectNumber,roundId,status,amountUSD,votes,uniqueContributors,payoutAddress,metadata.signature,metadata.application.round,metadata.application.recipient,metadata.application.project.lastUpdated,metadata.application.project.createdAt,metadata.application.project.id,metadata.application.project.title,metadata.application.project.description,metadata.application.project.website,metadata.application.project.bannerImg,metadata.application.project.logoImg,metadata.application.project.metaPtr.protocol,metadata.application.project.metaPtr.pointer,metadata.application.project.userGithub,metadata.application.project.projectGithub,metadata.application.project.projectTwitter,metadata.application.project.credentials.twitter.@context,metadata.application.project.credentials.twitter.type,metadata.application.project.credentials.twitter.credentialSubject.id,metadata.application.project.credentials.twitter.credentialSubject.@context,metadata.application.project.credentials.twitter.credentialSubject.provider,metadata.application.project.credentials.twitter.credentialSubject.hash,metadata.application.project.credentials.twitter.issuer,metadata.application.project.credentials.twitter.issuanceDate,metadata.application.project.credentials.twitter.proof.type,metadata.application.project.credentials.twitter.proof.proofPurpose,metadata.application.project.credentials.twitter.proof.verificationMethod,metadata.application.project.credentials.twitter.proof.created,metadata.application.project.credentials.twitter.proof.jws,metadata.application.project.credentials.twitter.expirationDate,metadata.application.project.credentials.github.@context,metadata.application.project.credentials.github.type,metadata.application.project.credentials.github.credentialSubject.id,metadata.application.project.credentials.github.credentialSubject.provider,metadata.application.project.credentials.github.credentialSubject.hash,metadata.application.project.credentials.github.credentialSubject.@context,metadata.application.project.credentials.github.issuer,metadata.application.project.credentials.github.issuanceDate,metadata.application.project.credentials.github.proof.type,metadata.application.project.credentials.github.proof.proofPurpose,metadata.application.project.credentials.github.proof.verificationMethod,metadata.application.project.credentials.github.proof.created,metadata.application.project.credentials.github.proof.jws,metadata.application.project.credentials.github.expirationDate,metadata.application.answers,Round ID,Round name,numRounds,readability,flesch_kincaid,flesch_kincaid_grade,flesch,flesch_grade,gunning_fog,gunning_fog_grade,coleman_liau,coleman_liau_grade,dale_chall,dale_chall_grade,ari,ari_grade,linsear_write,linsear_write_grade,smog,smog_grade,spache,spache_grade
57,0xcc6d33fe291d0fafb19cf8b833dc27d2f469fac52e3cc1f050ca4a0d83d66c74,67.0,0x12BB5bBbFE596dbc489d209299B8302c3300fa40,PENDING,0,0,0,,0x448caa2ff3f0bf08bdfea75db161cf6fe449f1411ee2f5d8ca180bd9aea2f5364bb015b176f905c3986e8773618cfbb44fb595d8c44d2a44fec4eb461815021f1b,0x12bb5bbbfe596dbc489d209299b8302c3300fa40,0x5Afc7720b161788f9D833555b7EbC3274FD98Da1,1970-01-01,1673101101606,1:0x03506eD3f57892C85DB20C36846e9c808aFe9ef4:67,POAPin,"POAPin is a series of tools built on the POAP ecosystem. 

Since the Alpha round ended, we have developed a notification system for POAP. You will be able to receive updates on any POAP events you're interested in on any device. This feature will be launched soon. This would not have been possible without your help!


  ![POAP.OOO](https://user-images.githubusercontent.com/5019152/232519164-5504b031-3d83-47d0-b9e6-1c61c30e1d54.png ""POAP.OOO"")



Currently, POAPin has apps for Android, iOS, macOS, and a web-based POAP explorer. The basic function is to finely organize and share POAP. The web version also has the function of creating custom topics and grouping POAPs together. There is also pin.poap.in to create code to embed POAPs in web pages. 

# Get the POAPin app

- iOS (Stable)  : https://apps.apple.com/app/poapin/id1607752693

- iOS (Beta) : https://testflight.apple.com/join/nFWRXrDg

- Android (Google Play) : https://play.google.com/store/apps/details?id=in.poap

- Android (APKPure) : https://apkpure.com/poapin/in.poap

# Infomation

- Website: https://poap.in

- GitHub: https://github.com/glorylab/POAPin

- Twitter: https://twitter.com/glorylaboratory

# Highlights 

- #### You can see the collections a person has saved on the official POAP app

  ![POAPin](https://user-images.githubusercontent.com/5019152/200358881-873a6557-b11f-46b1-a9f4-feababe5edfe.png ""POAPin"")
  ![POAPin](https://user-images.githubusercontent.com/5019152/200358808-517aefb5-29a3-4305-8b59-9831f8d7c375.png ""POAPin"")
  ![POAPin](https://user-images.githubusercontent.com/5019152/200359020-07460e9b-b504-44e1-bb66-88e54e7e75f2.png ""POAPin"")
  ![POAPin](https://user-images.githubusercontent.com/5019152/200359071-e0d560a5-720a-4dce-a575-bb76f5fc75b1.png ""POAPin"")

- #### Images from Moments and POAPs can be viewed and saved to your device

  ![POAPin](https://user-images.githubusercontent.com/5019152/200168357-93d94133-f8b2-4b44-be1e-a664e4eaa888.png ""POAPin"")
  ![POAPin](https://user-images.githubusercontent.com/5019152/200168364-baaa0912-31b5-4bdd-8983-fb5793634bf2.png ""POAPin"")

- #### POAP holders

  ![POAPin](https://user-images.githubusercontent.com/5019152/200168572-61a14f8e-bf42-4dd4-88dd-65c778fca0c7.png ""POAPin"")
  ![POAPin](https://user-images.githubusercontent.com/5019152/200168579-db1dcf54-f11f-4aab-90c2-9b5502b4505b.png ""POAPin"")

- #### All of the GitPOAPs from an address can be accessed by tapping the card on HomePage

  ![POAPin](https://user-images.githubusercontent.com/5019152/188494244-e671b1f0-4de9-497d-ba7e-cc8b38e636ae.png ""POAPin"")
  ![POAPin](https://user-images.githubusercontent.com/5019152/188494264-6067ab06-36b2-4801-8ffd-605a8bd4be32.png ""POAPin"")

- #### The GitPOAPs page offers two kinds of views

  ![POAPin](https://user-images.githubusercontent.com/5019152/188494949-2e20bb10-3cbf-4a65-8b00-f58abc8e0b10.png ""POAPin"")
  ![POAPin](https://user-images.githubusercontent.com/5019152/188494548-dfa15a62-1d39-43ba-abc2-07f4f91e78c6.png ""POAPin"")
  ![POAPin](https://user-images.githubusercontent.com/5019152/188495614-1baaecdb-3f01-4431-9a22-747e315c688b.png ""POAPin"")
  ![POAPin](https://user-images.githubusercontent.com/5019152/188495619-730c89bb-9beb-4b1f-ba51-29625120e0f3.png ""POAPin"")

- #### When there are no GitPOAPs for an address, describe what GitPOAP is

  ![POAPin](https://user-images.githubusercontent.com/5019152/188495145-c3c1307d-c2f0-4e06-848e-7fbe99c44d86.png ""POAPin"")

- #### POAP token and event details pages have been redesigned

  ![POAPin](https://user-images.githubusercontent.com/5019152/187515556-fb35c6c4-4e1f-414e-9ab4-363c3e061e7e.png ""POAPin"")
  ![POAPin](https://user-images.githubusercontent.com/5019152/187515639-6e8bdadf-cddd-4508-86e8-4a4b89efb032.png ""POAPin"")

- #### All of the Moments from an address can be accessed by tapping the card on HomePage

  ![POAPin](https://user-images.githubusercontent.com/5019152/187516139-a0bb3e36-cbff-41d0-87f5-24f8e6cce1c9.png ""POAPin"")
  ![POAPin](https://user-images.githubusercontent.com/5019152/187516147-2999932d-d0f7-46a5-bf11-a30afeba4994.png ""POAPin"")

- #### When an event contains Moments, a preview is displayed on the POAP token page

  ![POAPin](https://user-images.githubusercontent.com/5019152/187517681-965a21ca-f889-436b-998c-612a6643c179.png ""POAPin"")
  ![POAPin](https://user-images.githubusercontent.com/5019152/187517694-5e466ac2-8b9f-4c61-a6f8-5691a7c5ca62.png ""POAPin"")

- #### When there are no Moments for an address or an event, describe what Moments are

  ![POAPin](https://user-images.githubusercontent.com/5019152/187514990-5c1db8e0-057a-4e3b-94d3-925638d55871.png ""POAPin"")
  ![POAPin](https://user-images.githubusercontent.com/5019152/187515023-b3ed361f-fbc6-4c40-b7da-586bc9b26a75.png ""POAPin"")",https://poap.in,bafybeibv622wxhiba7rziwmx4pgyzmevjtycekxwbwn3jjfk7focziiqba,bafkreibw5gkdmtk73dx3vmx3kcu63niqaewdlhltniqjnu66sonjvcuyxq,1,bafkreiccvnkhexoziwjog3nfvqws4d2hjnodtk7y5wj5gcqzfktrpjywmi,RockerFlower,glorylab,glorylaboratory,['https://www.w3.org/2018/credentials/v1'],['VerifiableCredential'],did:pkh:eip155:1:0x5Afc7720b161788f9D833555b7EbC3274FD98Da1,"[{'hash': 'https://schema.org/Text', 'provider': 'https://schema.org/Text'}]",ClearTextTwitter#glorylaboratory,v0.0.0:RsUdvPt/6ZSgyVRxjurSJGdJYJZptqmkEZSDCCVLIdQ=,did:key:z6MkghvGHLobLEdj1bgRLhS4LPGJAvbMA1tn2zcRyqmYU5LC,2023-04-17T14:44:53.382Z,Ed25519Signature2018,assertionMethod,did:key:z6MkghvGHLobLEdj1bgRLhS4LPGJAvbMA1tn2zcRyqmYU5LC#z6MkghvGHLobLEdj1bgRLhS4LPGJAvbMA1tn2zcRyqmYU5LC,2023-04-17T14:44:53.382Z,eyJhbGciOiJFZERTQSIsImNyaXQiOlsiYjY0Il0sImI2NCI6ZmFsc2V9..yCZt0dPARO2t8ZCEO7iScdcV4vk5F07YNRkz8PQjACcG8YPWI6stgOizL6zyI04vhZvUoQHpEhT6-6GqPMUOBg,2023-07-16T14:44:53.382Z,['https://www.w3.org/2018/credentials/v1'],['VerifiableCredential'],did:pkh:eip155:1:0x5Afc7720b161788f9D833555b7EbC3274FD98Da1,ClearTextGithubOrg#glorylab#5019152,v0.0.0:AnGVGbsigX3VG9yuMsgkeWDscmO6ewzOy1rTVt/h9cs=,"[{'hash': 'https://schema.org/Text', 'provider': 'https://schema.org/Text'}]",did:key:z6MkghvGHLobLEdj1bgRLhS4LPGJAvbMA1tn2zcRyqmYU5LC,2023-04-17T14:45:00.184Z,Ed25519Signature2018,assertionMethod,did:key:z6MkghvGHLobLEdj1bgRLhS4LPGJAvbMA1tn2zcRyqmYU5LC#z6MkghvGHLobLEdj1bgRLhS4LPGJAvbMA1tn2zcRyqmYU5LC,2023-04-17T14:45:00.184Z,eyJhbGciOiJFZERTQSIsImNyaXQiOlsiYjY0Il0sImI2NCI6ZmFsc2V9..pbZtcNu-MwR2qm0BSzd-MSiaNiNQKodCqTXWUdl3NstZK0JventQD0WL3HbLPVp8QM1Xc6wPcZIBZAgwZhViAg,2023-07-16T14:45:00.184Z,"[{'questionId': 0, 'question': 'Email Address', 'type': 'email', 'hidden': True, 'encryptedAnswer': {'ciphertext': 'bwpgOje8zRbApcl0+aqhJTWvXYGQu7ZKL3kaR+zsVE0=', 'encryptedSymmetricKey': 'dda35c7c29101e9b0fc575909411604bb9f05e5785161c1c5bbc1b438f33e9bd0129f9591d8a1e57c7dfacb52908fc0b106b1edd4f1c97adf8399b3e992ace32309d108c6666be6509743a70498913ba1d7c694dd091ddbf1aac1c6b38672db9e09e70cbbd8cc6d1aff14a9c4479c4c2d2ef6e4091b9ca6e3d86dae4f331b4770000000000000020c8f07c4e7babd912a021ca6e37c8bdab63dd78515f2fae421c1c952e48b87eb19a56a547e5779d58a51f4681403a78a3'}}, {'questionId': 1, 'question': 'Previous project funding sources (VC, grants, token sales, etc)', 'type': 'short-answer', 'hidden': False, 'answer': 'Gitcoin grants'}, {'questionId': 2, 'question': 'Total prior funding for project in USD', 'type': 'number', 'hidden': False, 'answer': '20000'}, {'questionId': 3, 'question': 'Total team size', 'type': 'number', 'hidden': False, 'answer': '1'}, {'questionId': 4, 'question': 'How old is the project? (Months)', 'type': 'number', 'hidden': False, 'answer': '14'}, {'questionId': 5, 'question': 'If you participated in past grant rounds using a different project payout wallet address, please share it here:', 'type': 'address', 'hidden': True, 'encryptedAnswer': {'ciphertext': '7aaDjqFxiTIqyvZYaJxPQuo613eFJQzqoUf+450Kzmw=', 'encryptedSymmetricKey': '28db5bc9e58ac25ae22ce0d7fcdc38a7c43436831d0aef2d04f70972888e081db37008a42e22ec4a01098d5847547f07dfdffbdc436a0e57cb5652838478b83e6455a8269c6b2283fc2a5b7ce078ba7d1c0999a172ec825aa8560c4be5e2528e60d0e6fe9a34e56735845e434dbea8aa15836615989c9f89458243f298a7af8600000000000000205a756c8fdeb1a5985e26499788a09a2239a44d921b25d5264cd95d37de0e7559687cacd80a89a789994e354eb14a6e8e'}}, {'questionId': 6, 'question': 'Profiles or socials of other main team members publicly associated with project', 'type': 'paragraph', 'hidden': False}, {'questionId': 7, 'question': 'Have you read and confirmed your grant abides by the Program General Eligibility Policy? https://gitcoin.notion.site/Gitcoin-Grants-Beta-Round-Eligibility-b7fca9fd3c26450b89ded11caaa6497f', 'type': 'multiple-choice', 'hidden': True, 'answer': 'Yes'}, {'questionId': 8, 'question': 'How does your project fit into the OSS round eligibility criteria? ', 'type': 'paragraph', 'hidden': True, 'answer': 'My project is built on the prestigious POAP ecosystem on Ethereum. Provide a smooth user experience for hardcore POAP collectors, and strive to lower the threshold of use, and strive to bring POAP to everyone in the world. \n\nMy project was open-sourced early on to give back to the Flutter and cryptocurrency communities.'}, {'questionId': 9, 'question': ""If you've participated in past grant rounds, please share any new updates or milestones from the prior months"", 'type': 'paragraph', 'hidden': False, 'answer': 'After the alpha round, another POAP notification system was mainly developed. Provide users with multiple notification types to receive POAP events that they care about.'}, {'questionId': 10, 'question': ""Anything else you'd like to share about your project, previous work, or other project affiliations? Anything you'd like to add that has not been covered?"", 'type': 'paragraph', 'hidden': False}, {'questionId': 11, 'question': 'Does 50% of your team reflect the diversity of the community your project serves with a particular emphasis on including women, Black, Indigenous, and People of Color (BIPoC), individuals with disabilities, and members of the LGBTQ+ community?', 'type': 'multiple-choice', 'hidden': True, 'encryptedAnswer': {'ciphertext': 'RoKBoW42scjRtGTuDM+kSZDz+5R7Mh/pHQUzVhwHjuc=', 'encryptedSymmetricKey': '35cab569c0beb74cdbef425a0d888c13ad814e5e397d19114c54b6f41d0e88971c59c140dc98869b9f5ffa22fb67a510e8b3ddd75cfa9c695049b6ea2200bb04129aba47f99d2ffbac3fbd70534fa08832b66c994dc5366ecdc7fdfd8afdbfaac5ea36e355764935ca03535cb50cd6aeb67555d99c1a87721c4d9769a4e210d400000000000000208fd053f87db4fef789b8cd89917864c5799232a2ae4d6a4581c9cc0e349acdfe5d525dad416432350ee9f1b1fbf864ac'}}]",0x12BB5bBbFE596dbc489d209299B8302c3300fa40,"['Web3 Open Source Software Round' 'Web3 Social'
 'Global Chinese Community beta round']",3,<readability.readability.Readability object at 0x000001D5EA071E40>,0.6104978671702017,17,-1.8685675964974247,college_graduate,-2.0491529061490947,7,5.7290852554165586,40,1.420658331632549,college_graduate,2.597331580989797,college_graduate,-1.3096726254990088,7,-2.5064034386061254,,-0.0672478290132778,8
394,0x092a5b983ddfa82321a09680e982bd31894c2f9f794fe866cc0aedf7faec6ea0,299.0,0x421510312C40486965767be5Ea603Aa8a5707983,PENDING,0,0,0,,0x058123a90b0176c6bb5c50c881b3889fc60388835802d160d3d79ad664adbf98772ef13895b373a284766bb8128e52c129a4ccf28147d27d5be1073222c388e91b,0x421510312c40486965767be5ea603aa8a5707983,0xd3F0F07E1C4068B9e80FD641599324f5a768F10B,1970-01-01,1680641619082,1:0x03506eD3f57892C85DB20C36846e9c808aFe9ef4:299,Fundación Tucultura ,"FUNDACIÓN TUCULTURA fue creada en el año 2009 en Colombia. Su eje fundamental es el trabajo por la conservación, preservación, fortalecimiento, innovación y proyección de la cultura y ambiente colombiano a través de dinámicas de valoración y apropiación del patrimonio cultural y natural tanto en residentes como turistas. 

Para lograrlo ofrece los servicios turísticos necesarios a partir de la creación de destinos culturales impulsando turismo cultural sostenible.

Actualmente cuenta con servicios y proyectos que permitan apropiación y empoderamiento de comunidades para que hagan parte activa al desarrollo de territorio cuidado y protegiendo nuestro patrimonio inmaterial: 

Servicios: 

1.	Rutas Culturales Étnicas: Recorridos con contenidos turísticos, sociales, políticos y artísticos que demarca la presencia africana en Cartagena de Indias y los municipios del departamento de Bolívar.
-	Ruta de la Libertad : comprende una excursión etno turística por el corregimiento de San Basilio de Palenque (Patrimonio Inmaterial de la Humanidad)
-	Ruta Ciudad Mural Getsemani: Recorrido histórico cultural y político por el barrio del Getsemani viviendo y sintiendo le pasado, presente y futuro.


2.	Cartagena Revive la historia: Presenta la historia de Cartagena por medio de obras de danza y música.

3.	Proyéctate: Iniciativa para fortalecer los grupos culturales a través del asesoramiento en emprendimiento cultural y administración.

4.	Tu Evento: Realización y producción de eventos académicos y culturales sostenibles 

5.	Estudios TuCultura: Elaboración de investigaciones y publicaciones culturales

           Proyectos

1.	LimpiArte 
2.	Pedregazo calle de las tradiciones
3.	Festival del amor consciente 
4.	Sembrando Cultura 
5.	Corazon Verde
6.	Mi Centro es Cartagena 


POSTALES TUCULTURA: producto de marketing con cuatro diseños realizados por mujeres emprendedoras que lideran proyectos culturales en el departamento y representan el arte, la gastronomía, los juegos típicos y los habitantes de la Región del Caribe Colombiano.

Dentro de su experiencia destaca el apoyo recibido por Universidad Tecnológica de Bolívar como su primer cliente por medio de la Escuela de Verano, la Cooperación Española como segundo cliente con sus grupos investigadores. Tucultura en el desarrollo de un TURISMO CULTURAL SOSTENIBLE ha desarrollado propuesta de asesoría a grupos, iniciativas, ideas de negocios para el desarrollo de tejido empresarial competitivo.

Acciones a destacar

•	Formación en Cultura Ciudadana (ètica, valores, civismo y convivencia) a 400 miembros de las comunidades, con el objetivo de generar una valoración positiva de su identidad e idiosincrasia cartagenera y getsemanisense, de igual manera generar una valoración y respeto por el turismo y el medio ambiente.

•	Capacitación  técnicamente a 2000 miembros de la comunidad que participarán en el desarrollo de los producto de turismo cultural sostenible. 

•	Generar 200 empleos directos y 200 empleos indirectos en la comunidad, con el diseño, montaje y presentación periódica de un Espectáculo teatral, circense.


•	Generar 100 empleos directos y 100 empleos indirectos en la comunidad, con el diseño, montaje y presentación periódica de dos Rutas Culturales Étnicas, que incluyen artes plásticas y escénicas.

•	Creación y /o fortalecimiento de 200 microempresas de tipo cultural, artístico, comercial y turístico de forma directa y 200 microempresas de forma indirecta en el funcionamiento del Corredor Cultural. 

Actualmente Tucultura trabaja con diferentes entes a nivel local para el desarrollo de puesta en valor de los lugares a desarrollar turismo cultural como: Alcaldia, Asotelca, Fenalco, Anato, Acodres, Camara de Comercio de Cartagena 


Tucultura ha logrado acciones importantes que se hace reconocida a nivel local, nacional e internacional, la perserverancia, el compromiso, pero sobre todo el amor que tiene su directora Merly Beltran Vargas, la lleva a trabajar fuertemente con la sociedad para un TURISMO CULTURAL SOSTENIBLE 

Los éxitos reconocidos por Tucultura son:

-	PREMIO VALORES LIDERAZGO – Merly Beltran Vargas por su gestión y trabajo impulsando turismo cultural sostenible. RCN. 

-	Reconocimiento como proyecto de impacto social en Latam por medio de BBVA MOMENTUM 


-	Beneficiaria del proyecto INNPULSA actualmente hace parte del programa CRECE DE CAMARA DE COMERCIO E INNPULSA. 

-	Ganadora de beca de movilidad por medio de Agencia Española de Cooperación Internacional para el Desarrollo (AECID) y Organizaciones de Estado Iberoamericano OEI para la investigacion de turismo cultural en Cuba. 2010.


-	Reconocimiento como Actor de Trasformación entregado por Cámara de Comercio de Cartagena de Indias, por el éxito de su propuesta y el desarrollo de un turismo cultural sostenible. 2010


-	Reconocimiento de Secretaria de Participación y Alcaldía de Cartagena; como joven empresaria de la ciudad de Cartagena de Indias. 2010

Persona de contacto: MERLY BELTRAN VARGAS

Dirección: Getsemani Calle de las Palmas 25 – 49. Cartagena de Indias D. T. y C. - Colombia
Teléfonos: (57) 5 – 6649300. Celulares: (57) – 3003178355
Página Web: www.tucultura.co 
Correo Electrónico: directora@tucultura.co fundaciontucultura@gmail.com
Redes sociales: @tucultura , @tuculturactg, @tuculturaCartagena 
 Material Audiovisual en la web (videos): https://www.youtube.com/watch?v=TQW2Turc7fk&t=47s







",https://tucultura.co/,bafybeifhtmqhfzsrrl4hvnoucgt5ooymaqg57vhkvsmqvrz7rybqonc2ty,bafkreicgqafigjmtkcqbsebt7gy3ytpwq6v2snhxq6w2c3cmrmfs2qq6g4,1,bafkreicc55iwg3xlk3guxvppyzgxtmugj7rvey7yc52nmwkyhbrig5bcpa,,,tuculturactg,['https://www.w3.org/2018/credentials/v1'],['VerifiableCredential'],did:pkh:eip155:1:0xd3F0F07E1C4068B9e80FD641599324f5a768F10B,"[{'hash': 'https://schema.org/Text', 'provider': 'https://schema.org/Text'}]",ClearTextTwitter#tuculturactg,v0.0.0:CxmoksoKjDd1bppmYb94TwyfaqMfOKwYVAd6lAedq2A=,did:key:z6MkghvGHLobLEdj1bgRLhS4LPGJAvbMA1tn2zcRyqmYU5LC,2023-04-04T20:40:01.387Z,Ed25519Signature2018,assertionMethod,did:key:z6MkghvGHLobLEdj1bgRLhS4LPGJAvbMA1tn2zcRyqmYU5LC#z6MkghvGHLobLEdj1bgRLhS4LPGJAvbMA1tn2zcRyqmYU5LC,2023-04-04T20:40:01.387Z,eyJhbGciOiJFZERTQSIsImNyaXQiOlsiYjY0Il0sImI2NCI6ZmFsc2V9..Dy6rDBoq7UTF7ak0er9Y4vgS3ZG959whrwYtbovKDd6SeBJJKaS6F6ymS0rBRDEkjNLna0TgiOgy9pQv_lCnAw,2023-07-03T20:40:01.387Z,,,,,,,,,,,,,,,"[{'questionId': 0, 'question': 'Email Address', 'type': 'email', 'hidden': True, 'encryptedAnswer': {'ciphertext': 'gNeUC3z4I07Qwi6eJ4NOgcaU9vkg5JMzUvKV+UWUeaMHpMudzuViODbH4zBpujWJ', 'encryptedSymmetricKey': 'd550231a9796361d67f4810e24976807b8f80989de40b1b96a9f19d16cfc92bbf62ecc7d3a5f94dd28eddb51cb6b08013f019e3a831bff17ad3a3a793048a41226e958cab59e6c3d8f3cf4d1f23b84338523dfffb68ea8ea3b9f16cce0418f88f7a7dbff5c4f3c9f99f7185019b2c3a0cebad11b29cb26bc63f547e0a80c5e3b000000000000002092413611fc5744a2f95d0b6f5eba1a52ba4b671bed0619472001392ca9fabeff0de356df7262c782d7a0942791dac7a5'}}, {'questionId': 1, 'question': 'Previous Funding Sources (VC, Token Sales, etc)', 'type': 'short-answer', 'hidden': False, 'answer': 'Especies, apoyo empresas, voluntariado'}, {'questionId': 2, 'question': 'Total Prior Funding for Project (in USD)', 'type': 'number', 'hidden': False, 'answer': '3000'}, {'questionId': 3, 'question': 'Total Team Size', 'type': 'number', 'hidden': False, 'answer': '5'}, {'questionId': 4, 'question': 'How old is the project (in months)', 'type': 'number', 'hidden': False, 'answer': '144'}, {'questionId': 5, 'question': 'If you participated in past grant rounds using a different project payout wallet address, please share it here:', 'type': 'address', 'hidden': True, 'encryptedAnswer': {'ciphertext': 'Weq4x5ITYVwzoUmZSe48mzmd2g8rAfXxVRYQaL8PsuA=', 'encryptedSymmetricKey': 'e52fc71bd9655187521803971a758923d0500727e937c710e95e2143145d15abea323925d3a9f713054545f872d34718cbc38ef35e2d52236062a28ade2322d31a9db9187168c27eea8d341f756e59d6d07b2ee267bca233e6e263312f79c18d1dc9097d5e8b06a9870302963c21572dca01f0d85fb7938b0186aa13c9046e3000000000000000201d6001fcd44d7dbf73fa7cd99d954c5cda3454cc88f3a57293ed0f7e1c035b3695e61feda1a61afa04cb51df16d265a7'}}, {'questionId': 6, 'question': 'Social media handles of other main team members publicly associated with project', 'type': 'paragraph', 'hidden': False, 'answer': '@merlybeltranvargas @danielbeltran5383 @gabinomanuelcasares'}, {'questionId': 7, 'question': 'Have you read and confirmed your grant abides by the Program General Eligibility Policy? https://gitcoin.notion.site/Gitcoin-Grants-Beta-Round-Eligibility-b7fca9fd3c26450b89ded11caaa6497f (copy and paste link into your browser)', 'type': 'multiple-choice', 'hidden': True, 'answer': 'Yes'}, {'questionId': 8, 'question': 'Please describe how your project meets the round eligibility criteria. ', 'type': 'paragraph', 'hidden': True, 'answer': 'LimpiArte es una Red para Limpieza y conservación de nuestro Patrimonio y Ambiente: Trabajamos para construir una cultura  ambiental y de aseo  ciudadana a partir de la  sensibilización de la  población de Cartagena de  Indias por medio de  actividades que promuevan  la gestión y conservación  del ambiente.'}, {'questionId': 9, 'question': 'Please share any new updates or milestones from the prior season.', 'type': 'paragraph', 'hidden': False, 'answer': 'Primera vez participando en ronda. '}, {'questionId': 10, 'question': ""Anything else you'd like to share about your project, previous work, or other project affiliations? Anything you'd like to add that has not been covered?"", 'type': 'paragraph', 'hidden': False, 'answer': 'Estamos muy emocionados en participar y poder conocer mas de este ecosistema logrando que podamos tener unos recursos que permita impulsar nuestro equipo de trabajo en el desarrollo de gestión y trabajo para el éxito de las actividades. '}, {'questionId': 11, 'question': 'Does 50% of your team reflect the diversity of the community your project serves with a particular emphasis on including women, Black, Indigenous, and People of Color (BIPoC), individuals with disabilities, and members of the LGBTQ+ community?', 'type': 'multiple-choice', 'hidden': True, 'encryptedAnswer': {'ciphertext': 'cB9okRsNixebOLQMt4JN4I7f3uMeDnuoaob7Mz+YHKY=', 'encryptedSymmetricKey': '1141c35990d2976cf143487c787b81fbcf2cc1a08b1023cd3a3815efa153502c3294ae2c17765e250d8b0a886b4c4f0d9c5b3acbf9b35ac4a6990da9d1c25dd0159b09e7d1e660bf1d6da711c65798aa4bd650efd5b291bea270e25998243e8dbf4300238cdfa68c3eca7b415509300c96d972401bc21615eb7ef950d579e69900000000000000209f2bb42fd6908cd2d1669b0197908b316e7dc41e592edb364dc7afee50cb7fa6310abb64ee6c08b36b6ce9021983a8b0'}}]",0x421510312C40486965767be5Ea603Aa8a5707983,['Climate Solutions'],1,<readability.readability.Readability object at 0x000001D5EAD91960>,1.0852173484752314,19,-1.8417034595036457,college_graduate,0.8119592936009429,college_graduate,0.29417986624331605,17,5.435733955500291,college_graduate,0.059879753087847744,college_graduate,0.44254609608216605,19,2.16606259967979,,2.159270261339159,12
396,0x14e88e69d4685850ba11b2fa1eb11716a1ccbeade0455c1f9e7d193b1601334d,390.0,0x421510312C40486965767be5Ea603Aa8a5707983,PENDING,0,0,0,,0x5b4db4a203b23e220bcf4eab8191b74822fdb0b4b1447002284086d80037d7212b34060e261270d848e4b934d80f9453c46a72d089d192b6db3c5afe69446b601b,0x421510312c40486965767be5ea603aa8a5707983,0x9b2eA31E9095F0E1cb4F66f2A9b7a01E78413f63,1970-01-01,1681412965479,1:0x03506eD3f57892C85DB20C36846e9c808aFe9ef4:390,Pulso Verde,"Pulso Verde es una Organización No Gubernamental y sin ánimo de lucro con presencia en la ciudad de Cartagena, contamos con un estratégico y multidisciplinario equipo de trabajo para trabajar en proyectos de concientización ambiental, formación, investigación y ecoemprendimiento para impactar positivamente en la Región Caribe y el territorio colombiano.

La organización implementa mecanismos, estrategias y programas de acción que vinculan a los jóvenes y líderes sociales en los procesos de conservación dentro de una educación ambiental sostenible. Nuestro principal enfoque está en generar cultura ambiental emprendedora.

Somos una Organización que trabaja en pro de la conservación del medio ambiente, implementando mecanismos, estrategias y programas de educación, investigación y sensibilización, que vinculen a la ciudadanía para generar una conciencia ambiental sostenible.

Proyectos: 

1. Mi___, Mejor Verde. Mi Colegio, Mejor Verde. Mi Comunidad, Mejor Verde. Mi Universidad, Mejor Verde. etc, https://www.youtube.com/watch?v=fi4xC2Eb3x8
https://www.instagram.com/reel/Cha9BTyAT_G/?utm_source=ig_web_copy_link

2. Cartagena, Muévete Verde. Contamos con un programa multidisciplinario que reúne a varios de los jóvenes y personas que se interesan en participar de nuestros espacios abiertos de sensibilización para fomentar en la ciudad una Cultura Ambiental Emprendedora . https://www.youtube.com/watch?v=_uW1L_u1mR4

Mejor en Bici: https://www.youtube.com/watch?v=4u_njQtM35U

Cine Foro: https://www.instagram.com/p/CcDWtJHONA-/?utm_source=ig_web_copy_link

Adopta Un Árbol, Piensa en el Planeta: Programa de Compensación Ambiental, https://www.facebook.com/photo?fbid=815420738507621&set=pcb.815423181840710

3. EcoVerde Encuentro juvenil Ambiental: Es un evento académico y cultural que se organiza desde el año 2008 con la perspectiva de formar jóvenes multiplicadores de una nueva conciencia ambiental y que convoca a estudiantes, universitarios, ambientalistas y al público en general para que se tomen la palabra en los asuntos de protección, conservación y sensibilización ambiental. https://www.instagram.com/p/Bn7VYdJjFHr/?utm_source=ig_web_copy_link
",https://soypulsoverde.co,bafybeidshdrlzjqpmosggdw7stfvpgopc276fhtqx7hd6bvekxtyuu2hl4,bafkreigj5434f2i5k75ohcz4spdesbeo3tezrbipepapchxoq4szhzbjpe,1,bafkreieodwqzyyygay7t7twgyy6o3bman7ytimc5cfdzspyxrp2np5rrai,,,ONGpulsoverde,,,,,,,,,,,,,,,,,,,,,,,,,,,,,"[{'questionId': 0, 'question': 'Email Address', 'type': 'email', 'hidden': True, 'encryptedAnswer': {'ciphertext': 'kv929SFXkSDZmYhGQDzJAZmht/wt98anZT9T7k4HQx01GkBEwmtHNo/b9rjicBP/', 'encryptedSymmetricKey': '9b052d8ab7255bd85552bfb7b933d5867f64baba1b1e3520fce8ef862dc19b8cd4eb7e2d776085912d8f4e8c37676901d224558fae95ec6cff4d585d6b6956d35e183840db59f3b1cf439f8a0f2770450a011e0a04d195ea8b8dba9551808da5521b5c02357e8bb559cb9cf006f3d4f2f0ed3e7b84a536c5cc5935b3846c3c1b0000000000000020a6ed3416d5bbaaf1b6a1c002d17dd2ece263b5d1e61792de3f8ef65798eb3f13365a6728d36a211c52cba5331d133686'}}, {'questionId': 1, 'question': 'Previous Funding Sources (VC, Token Sales, etc)', 'type': 'short-answer', 'hidden': False, 'answer': 'donaciones, apoyo empresas publico-privadas, especie.'}, {'questionId': 2, 'question': 'Total Prior Funding for Project (in USD)', 'type': 'number', 'hidden': False, 'answer': '15000'}, {'questionId': 3, 'question': 'Total Team Size', 'type': 'number', 'hidden': False, 'answer': '7'}, {'questionId': 4, 'question': 'How old is the project (in months)', 'type': 'number', 'hidden': False, 'answer': '118'}, {'questionId': 5, 'question': 'If you participated in past grant rounds using a different project payout wallet address, please share it here:', 'type': 'address', 'hidden': True, 'encryptedAnswer': {'ciphertext': 'gtBlKnQBx2lb3cvIUqD2h8HtzEIkR3UzOOgUS9klBSU=', 'encryptedSymmetricKey': '38a089f99f18d2b005f5f6388bf1478186d5d9d3a4bffb81b85b601d9f80bb85e55e5a58c8ef6ff48006981a3e4068050bb85ae07786719db72885c08eb71bc7cd21bb93a41920fb43f4a104942fa8578f3642391d84521b4ae87981484de5a05a187b50ca4434b308a7cf2de7c8e6e023baa1ba653bc901fc494d320227933500000000000000205efa5dffdf14a4d42d142f8eeb4010cc62f8f7de2e5090f43bce95b723c3507286391c4cbfb9f9aad89e3118707afeb5'}}, {'questionId': 6, 'question': 'Social media handles of other main team members publicly associated with project', 'type': 'paragraph', 'hidden': False, 'answer': '@fernykikec @eliasdavik @keypao @geraldinebetpearson1 @sara.mestra @patoeka '}, {'questionId': 7, 'question': 'Have you read and confirmed your grant abides by the Program General Eligibility Policy? https://gitcoin.notion.site/Gitcoin-Grants-Beta-Round-Eligibility-b7fca9fd3c26450b89ded11caaa6497f (copy and paste link into your browser)', 'type': 'multiple-choice', 'hidden': True, 'answer': 'Yes'}, {'questionId': 8, 'question': 'Please describe how your project meets the round eligibility criteria. ', 'type': 'paragraph', 'hidden': True, 'answer': 'Somos una organización orientada a generar cultura ambiental emprendedora en la ciudad de Cartagena, desarrollando estrategias de conciencia ambiental y programas de compensación como adopta un árbol, piensa en el planeta. Mi colegio Mejor Verde . Mejor en bici. entre otros.'}, {'questionId': 9, 'question': 'Please share any new updates or milestones from the prior season.', 'type': 'paragraph', 'hidden': False, 'answer': 'Es nuestra primera participación en gitcoin.'}, {'questionId': 10, 'question': ""Anything else you'd like to share about your project, previous work, or other project affiliations? Anything you'd like to add that has not been covered?"", 'type': 'paragraph', 'hidden': False, 'answer': 'Somos una organización joven, nuestro proyecto nació como una idea escolar, ahora somos profesionales que queremos seguir incidiendo en nuestra ciudad y es necesario el apoyo económico para  el pago de nuestros profesionales y de todos  los insumos que requieren nuestros proyectos. Como las huertas y entrenamientos. Estamos felices de ser parte de este ecosistema 3.0 y que a través de nuestros proyectos mas personas se sumen.'}, {'questionId': 11, 'question': 'Does 50% of your team reflect the diversity of the community your project serves with a particular emphasis on including women, Black, Indigenous, and People of Color (BIPoC), individuals with disabilities, and members of the LGBTQ+ community?', 'type': 'multiple-choice', 'hidden': True, 'encryptedAnswer': {'ciphertext': 'ln/FJwZQay34qFFfGYO5YrGzgEPFFfBpY6vl/GWeVH4=', 'encryptedSymmetricKey': 'ad66ef6c86547a4736520eac8f6bbda32c2d91bf9d08312715472d5f15709da07b91bcbfd65ea69403ad197ce71a9a07848d2a40deeb7dc115a86a5ac4eaa7e111b4bed8d384e40adbb11b998b2e31208721ac46f3820972009a6ee7b5f97080dead9f850dbd3938cd12f8dd02f2f5e0951d30ca21a60a2ec4896c13c7c8803400000000000000205316f7615042600d062a7f029cf69cd832133459ab5759677e2f301b58899115b17faf9ed34b8e016601f10052979885'}}]",0x421510312C40486965767be5Ea603Aa8a5707983,['Climate Solutions'],1,<readability.readability.Readability object at 0x000001D5EAD91BA0>,1.2627217451413886,20,-2.4877607027469253,college_graduate,1.0546916568943816,college_graduate,2.213580840148888,25,5.371738603253597,college_graduate,0.8716960722170278,college_graduate,-0.049725911390119205,16,,,1.8633550590266201,11
214,0x92980c994e3e4fda7f66cefa230b7220913c8175833bd98f39dd424049a1388f,353.0,0xAA40E2E5c8df03d792A52B5458959C320F86ca18,PENDING,0,0,0,,0x0aa33fb93022b49e0c34bd4efb4d09d84f4dade92e7efb6973e4de30239211a97730c7dc370d343ef5818d10e206fa0d981c278809210d4828f17571845e4c8a1c,0xaa40e2e5c8df03d792a52b5458959c320f86ca18,0xd39D6d3F7433A0caBD90c0Ea74d76dA29b718314,1970-01-01,1681289860610,1:0x03506eD3f57892C85DB20C36846e9c808aFe9ef4:353,Metagov,"[Metagov](https://metagov.org) is a nonprofit research collective. We build standards and infrastructure for digital self-governance. Our collaborations include: 

-   [Metagov Gateway](https://gateway.metagov.org/), an API gateway for digital governance services
-   [DAOstar](https://daostar.org/), the standards body of the DAO ecosystem
-   [Agreement Engine](https://law.mit.edu/pub/buildingnetnativeagreementsystems), a tool for building net-native agreement systems
-   [CommunityRule](https://communityrule.info/), a user-friendly governance toolkit for great communities
-   [Composing games into complex institutions](https://arxiv.org/abs/2108.05318), a research paper
-   [Constitutions of Web3](https://constitutions.metagov.org/), analysis and guides for DAO constitutions
-   [Cryptopolitics](https://medium.com/metagov/the-political-landscape-of-crypto-f440d521f411), a study of politics and ideology in crypto
-   [DAOchem](https://daogovdata.info/), a holistic view of DAO governance
-   [Govbase](https://govbase.metagov.org/), a set of research data sets in online governance
-   [Govbase Labs](https://metagov.org/govbase/), a weekly lab meeting
-   [Governance Experience Design](https://www.crowdwrite.xyz/metagov/cl7e9sjvc000q09jx9kjhbocz/text), a living manifesto for online spaces
-   [Governance Surfaces](https://github.com/notchia/dao-governance-surfaces), a tool for analyzing DAO contracts
-   [Groundwork Fellowship](https://metagov.org/open-call-groundwork-fellowship/), internet infrastructure design and marginalization
-   [LARP Governance](https://docs.google.com/document/d/e/2PACX-1vQZ_ROn1DBa_qi68PynATDH3ssK1D9xTH0DG5plp_vNuA3mUMD0Rl2jSG0Nlxy18ajVk6ZtMhnPFKAg/pub), speculative governance play, ethnography, and history
-   [MetagovDAO](https://metagov.org/metagovdao-call-for-proposals-research-community/), a funding body for research on DAOs
-   [Metagovernance Seminar](https://metagov.org/seminar/), a weekly seminar
-   [Modular Politics](https://www.metagov.org/modpol), a paper outlining a governance layer for the internet
-   [Modpol](https://modpol.net/), a governance mod for Minetest
-   [PolicyKit](https://policykit.org/), an engine for building governance in online communities
-   *(new)* [Redwood Parliament](https://metagov.org/redwood-parliament/), a governance convocation event
-   [Telescope](https://papers.ssrn.com/sol3/papers.cfm?abstract_id=4078259), a Discord bot for ethical, responsive digital ethnography
-   [Validator Commons](https://validatorcommons.org/), a cryptopolitical party of validators and allies

Our research is led by a group of principal investigators:

-   [Federica Carugati](https://casbs.stanford.edu/people/federica-carugati), King's College London
-   [Primavera De Filippi](https://cyber.harvard.edu/people/pdefilippi), Harvard / CNRS
-   [Seth Frey](https://communication.ucdavis.edu/people/sethfrey), University of California, Davis
-   [Lawrence Lessig](http://www.lessig.org/about/), Harvard Law School
-   [Ellie Rennie](https://www.rmit.edu.au/contact/staff-contacts/academic-staff/r/rennie-professor-ellie), RMIT
-   [Nathan Schneider](https://www.colorado.edu/cmci/people/media-studies/nathan-schneider), University of Colorado Boulder
-   [Divya Siddarth](https://twitter.com/divyasiddarth), RadicalXChange Foundation / Microsoft
-   [Joshua Tan](http://www.joshuatan.com/research/), University of Oxford
-   [Philipp Zahn](https://www.philipp-zahn.com/), 20squares / CyberCat Institute
-   [Michael Zargham](https://www.linkedin.com/in/mczargham), BlockScience / WU Vienna
-   [Amy Zhang](https://homes.cs.washington.edu/~axz/), University of Washington",https://metagov.org,bafkreih6szsmrktxqf6l7q5qclwvqonm72pvh7qqtqd2wlg3gkcsqytbiy,bafkreih74hxoxcveedavur4zswyydtyyej5og32h7z47ysw5z7lpaq777a,1,bafkreif4oj6ls5f3dbjms6tzjlzobdjrhodqzpw4st3diselj6wepwmcqe,metagov,metagov,metagov_project,['https://www.w3.org/2018/credentials/v1'],['VerifiableCredential'],did:pkh:eip155:1:0xa12f6928972B3B3C72259C7631BC1C37aA813C2e,"[{'hash': 'https://schema.org/Text', 'provider': 'https://schema.org/Text'}]",ClearTextTwitter#metagov_project,v0.0.0:lkA5xH0PMy6aVlWfX8L04iB9SVD4OAkR4UCXdmbSHtI=,did:key:z6MkghvGHLobLEdj1bgRLhS4LPGJAvbMA1tn2zcRyqmYU5LC,2023-04-12T08:55:31.845Z,Ed25519Signature2018,assertionMethod,did:key:z6MkghvGHLobLEdj1bgRLhS4LPGJAvbMA1tn2zcRyqmYU5LC#z6MkghvGHLobLEdj1bgRLhS4LPGJAvbMA1tn2zcRyqmYU5LC,2023-04-12T08:55:31.845Z,eyJhbGciOiJFZERTQSIsImNyaXQiOlsiYjY0Il0sImI2NCI6ZmFsc2V9..dVQLKbCP54CwfYqyAiH1Jc6nH_KZu71d8CnxCYPY_3_anFrlSOF0CqXdYibMsVXvSf9v96l7v8QPMOvTU6LgDg,2023-07-11T08:55:31.845Z,['https://www.w3.org/2018/credentials/v1'],['VerifiableCredential'],did:pkh:eip155:1:0xa12f6928972B3B3C72259C7631BC1C37aA813C2e,ClearTextGithubOrg#metagov#9309884,v0.0.0:f/yZ93nizxeRUzXoC4gixi1RdxQbOBduuVbmj+8OrS0=,"[{'hash': 'https://schema.org/Text', 'provider': 'https://schema.org/Text'}]",did:key:z6MkghvGHLobLEdj1bgRLhS4LPGJAvbMA1tn2zcRyqmYU5LC,2023-04-12T08:55:41.151Z,Ed25519Signature2018,assertionMethod,did:key:z6MkghvGHLobLEdj1bgRLhS4LPGJAvbMA1tn2zcRyqmYU5LC#z6MkghvGHLobLEdj1bgRLhS4LPGJAvbMA1tn2zcRyqmYU5LC,2023-04-12T08:55:41.151Z,eyJhbGciOiJFZERTQSIsImNyaXQiOlsiYjY0Il0sImI2NCI6ZmFsc2V9..q2a44-aK7pJelnegbmwZWHtDyUnSk6MkSno3_oeQ6T_Tpzq3kIpWkSU_lwOBmy-Qd2RinWRFm_l5y59gQHVnBg,2023-07-11T08:55:41.151Z,"[{'questionId': 0, 'question': 'Email Address', 'type': 'email', 'hidden': True, 'encryptedAnswer': {'ciphertext': '1vnLcm4it/J4WNhkWrYqbF7xfIAwRD+pDXoxndGYMLzB8WzSZ2/+Be19vutDiovL', 'encryptedSymmetricKey': '17f3283be7521d63212bdc2c400fe02c2f51232a2b14fd12cb9fdded7d277d5ad7d5ce6764f6b88053c8c0eaadfc221435bb16c248faaef09708fe720124d2fcfa81e33be14ef8d12c4c6c24837e88c8d25cc7be9d726da130fbf2c6f59a2fb179ae4efd66e102933e693eaf3542fbbd1ab8e09235a6d04c5b09e3f0979261c5000000000000002050179bce38c171c36e7117f92ca92ac1c82a8ec1f5e3444b1c0f6ad4191af483881c6242f82367b7eee3162887a0f78a'}}, {'questionId': 1, 'question': 'Previous project funding sources (VC, grants, token sales, etc)', 'type': 'short-answer', 'hidden': False, 'answer': 'Metagov is a 501(c)3 nonprofit in the US. Our work is generously supported by the Henry Luce Foundation, One Project, the Grant for the Web, these Gitcoin grants, the Filecoin Foundation, the Ethereum Foundation, the EPSRC / University of Oxford, GnosisDAO, Aragon, Radicle, Metacartel Ventures, NEAR, Commonwealth, the Stanford Digital Civil Society Lab, and many Metagovernors through our membership program. Our finances are hosted publicly on Open Collective.'}, {'questionId': 2, 'question': 'Total prior funding for project in USD', 'type': 'number', 'hidden': False, 'answer': '500000'}, {'questionId': 3, 'question': 'Total team size', 'type': 'number', 'hidden': False, 'answer': '24'}, {'questionId': 4, 'question': 'How old is the project? (Months)', 'type': 'number', 'hidden': False, 'answer': '36'}, {'questionId': 5, 'question': 'If you participated in past grant rounds using a different project payout wallet address, please share it here:', 'type': 'address', 'hidden': True, 'encryptedAnswer': {'ciphertext': 'FcU2zyPxuXKGu+R14/c+q/dB0gTP3jpP67o+QozJl9QHPgbRpQLR+nd1ge9ihWL3C0cZpybT9IN155cHd/fhvg==', 'encryptedSymmetricKey': 'ddb27c937f90f618a2971aa4320372df5322f87d5fc7cb9748fcba5036927e54997b3f4b6311775f4c59bfa97b74c3063e75ef68191066cf58e9da258de959f2dd62fd5990ef16a8f47f44d46309491be6a635378fd8f6c70bfc4380332556924ffa93023053d30cf292d8ae7164cdd54f16361c1ff2d4f69b5927a8b27a9ca8000000000000002006b0eb8c64e34c01b40958510b995c3074a13c8c016ff7c30084e1831768dbee8f45ab19d0666d4adfee507971161ca2'}}, {'questionId': 6, 'question': 'Profiles or socials of other main team members publicly associated with project', 'type': 'paragraph', 'hidden': False, 'answer': ""Our research is led by a group of principal investigators:\n\n-   [Federica Carugati](https://casbs.stanford.edu/people/federica-carugati), King's College London\n-   [Primavera De Filippi](https://cyber.harvard.edu/people/pdefilippi), Harvard / CNRS\n-   [Seth Frey](https://communication.ucdavis.edu/people/sethfrey), University of California, Davis\n-   [Lawrence Lessig](http://www.lessig.org/about/), Harvard Law School\n-   [Ellie Rennie](https://www.rmit.edu.au/contact/staff-contacts/academic-staff/r/rennie-professor-ellie), RMIT\n-   [Nathan Schneider](https://www.colorado.edu/cmci/people/media-studies/nathan-schneider), University of Colorado Boulder\n-   [Divya Siddarth](https://twitter.com/divyasiddarth), RadicalXChange Foundation / Microsoft\n-   [Joshua Tan](http://www.joshuatan.com/research/), University of Oxford\n-   [Philipp Zahn](https://www.philipp-zahn.com/), 20squares / CyberCat Institute\n-   [Michael Zargham](https://www.linkedin.com/in/mczargham), BlockScience / WU Vienna\n-   [Amy Zhang](https://homes.cs.washington.edu/~axz/), University of Washington""}, {'questionId': 7, 'question': 'Have you read and confirmed your grant abides by the Program General Eligibility Policy? https://gitcoin.notion.site/Gitcoin-Grants-Beta-Round-Eligibility-b7fca9fd3c26450b89ded11caaa6497f', 'type': 'multiple-choice', 'hidden': True, 'answer': 'Yes'}, {'questionId': 8, 'question': 'How does your project fit into the Community & Education round eligibility criteria? ', 'type': 'paragraph', 'hidden': True, 'answer': 'We do research on community-based governance, organize many public events (e.g. at ETH Denver at the Metagov House or at DAO Harvard), and educate the people through our publications and other releases.'}, {'questionId': 9, 'question': ""If you've participated in past grant rounds, please share any new updates or milestones from the prior months"", 'type': 'paragraph', 'hidden': False, 'answer': 'Take a look at some of the new data sets at [Govbase](https://govbase.metagov.org), the [Constitutions of Web3](https://constitutions.metagov.org), or the amazing video just released of the [Redwood Parliament](https://youtu.be/79EeSt8L7cw).'}, {'questionId': 10, 'question': ""Anything else you'd like to share about your project, previous work, or other project affiliations? Anything you'd like to add that has not been covered?"", 'type': 'paragraph', 'hidden': False, 'answer': ''}, {'questionId': 11, 'question': 'Does 50% of your team reflect the diversity of the community your project serves with a particular emphasis on including women, Black, Indigenous, and People of Color (BIPoC), individuals with disabilities, and members of the LGBTQ+ community?', 'type': 'multiple-choice', 'hidden': True, 'encryptedAnswer': {'ciphertext': 'ZHVcxmzBA8ibsPBHohoM46fG9Ir24rx+l8nGKPBa2UA=', 'encryptedSymmetricKey': 'dbb8d4311df20e5fd963113eb08d86ee8566d0dcabeb008cbc54f0142f53bc901ae73167473e2b2496cd22c734af8f0135ca62e8215b6fe07ae7152f5168d293624241b390f32bb0c03bdf7363030bd22d0f9873345146aa18fd4246d0be52929c6b074c35117cd276b5be7fd56e58b9000063f7c85f77917a88bd979136be6b0000000000000020e23cffe117539ca57d9d00f8b6832472f118fbd4ff31ab3838248155f8adbc081d1e11b11b2480d82313bda358f5fdb2'}}]",0xAA40E2E5c8df03d792A52B5458959C320F86ca18,['Web3 Community and Education' 'DeSci (Decentralized Science)'],2,<readability.readability.Readability object at 0x000001D5ED813100>,10.81056565084179,61,-8.578053373839303,college_graduate,9.648826581047055,college_graduate,4.416408114013366,35,5.82841325905784,college_graduate,10.745304163120432,college_graduate,11.965920522779012,101,,,10.668615169634734,25
356,0x98764e18e010faaab515ca399ba347951353c2a8ed4cf98095d00e99a344051d,,0xAA40E2E5c8df03d792A52B5458959C320F86ca18,PENDING,0,0,0,,0x94f59cb84846105d2289eb3335392ef0d0e2b41c3bebe328412f9f0a2f597dc01eadad78b2f5b2b74d07c4bc1c6cb83b660579be66a0d2ce7d4c88f05f7a87601c,0xaa40e2e5c8df03d792a52b5458959c320f86ca18,0x52fb5461fb325C5F8D3e8443ec10527e32dA72e2,1970-01-01,1681948421458,10:0x8e1bD5Da87C14dd8e08F7ecc2aBf9D1d558ea174:198,Blockchain at the School: Web3 Education for Brazil’s Public School Students,"# Blockchain na Escola: Web3 Education for Brazil’s Public School Students

Blockchain na Escola (Blockchain at the School, in English) is a non-profit organization that seeks to bring web3 education to public school students and social movements in Brazil.

The first pilot was in the city of Serra, state of Espirito Santo, one of the most violent cities in Brazil, and you can check the results [here](https://blockchainnaescola.notion.site/Blockchain-at-the-School-Serra-ES-025b80a4acb54d7484b776bdd6e5b8ee).

Since then, our team has been growing and what was just an idea became a reality. We’re currently building a curriculum tailored for the public Brazilian classrooms.

We’re testing this new curriculum, our MVP, by training teachers so they can provide our content in the classroom.

That should allow us to gain scale faster, while limiting our costs and empowering teachers to replicate and adapt the content in multiple classrooms.

While education remains a hot topic in web3, we’re the only project totally focused on building content to be delivered in the public schools in Brazil.

This kind of massive access leaves us with the opportunity to spearhead the ReFi narrative while onboarding these new users to web3.

![|624x217](https://lh3.googleusercontent.com/u/0/docs/ADP-6oGkoP3zsSmNcjSAorp87Ui8FMMsGK0dSkuy3eRjasbQMNulnEFJTCQhAw8mkkoQo1Yf6t_rya6c7tPgsKD3Nwgte1G1AZtB2Tu8buk-yAZ615e5IFiQER5zm--NpOyI1PobYD9AWSZJspzufToYdROLliGHu_bKOdRZzfGk36BHuWyLnpJLXMI5352RAoz0zvO_x49N7nrkFeoQl23liSR7wq7E_j4-F4EX7hv49SozDncurjq6JmmrNwRf-vAGwfE3jWTe7pVB6WFwl0Zsmx0mHl9sSHTJcGCgbZNdq3c4UoqmXUDgQtdOvUGco1kpO0tBXISkvLGZlUpoVdXRFpQpRK-4TyKgyZ5k9hyTLvsiyJ6tFODuc-Z7AftlTFNN5doVJIgozZvMOEzE5n0wGxfBI8DN9ESNezuTnAicZaovVMWGwEQHDOkDTcFqhyq7bWIa7fi3Mbm1n0tFbQmF6m92ZwdlUBNI6PSOhBcsP_fAIqR4gVhIgYsX2urCT5iOHoFA6HbO--svMyNS5jrKIWgEf46-Yh9vRUlTnoP1ncgVEQugqBDkn2QLvDSqgBftqogevBaXoJttmdC8QhdM8aWaxwkqXeAVAImnUIEBEQS-NSObpRioM0U98FqpLqr7_aZhAg5S-fe8w7KdeFb7JLwAvZWYoGpyCtAdXRSYJ53uOEONfFaApXqjoySLQ2YkvtPntQQvwx_HgVZgsj7w3XvPm9lW0Xf7wk5EzDoJjfmKd0WvQM_RRcbkuaOONXjfdbfblQG4g7Z49qLhhcmCC80XUJdjo8F0E13Gxnkl-_W27kou2271GU01H6y-OY90tft4eIdDsNcRjC1tLKGlpM7WYvcAqbb5ER9kFBgmP__ZINiX041pjvfIU88N634uWdiNLIqILK2D36b2xxqaZPNt9X0Ci5fbNB5DvSx8VUtXs191zaDX3Vs_KC5NTR0xvjbLb9oL0a9yqxbK43VonyzQ3NnxC5u4uJUB)

Our goal is to enable students to build their own web3 social and environmental projects - and other ventures as well -, preparing the soil for them to develop regenerative economies at the local level.

We’re currently holding conversations with public authorities to deliver the content to whole states in Brazil.

We’re already partnering with 5 schools and 2 social movements in Salvador (Bahia), Nova Lima (Minas Gerais) and Rio de Janeiro, where we should be able to impact around 300 students until the end of this semester and +1,000 until the end of the year.

![|624x468](https://lh3.googleusercontent.com/u/0/docs/ADP-6oHFFMa4JdaQuzPDmiTVWxq2LA6lOvWWI7czYCXXC1KQqHyBBPkUdDfAVhSCBfO9hZOj3ltYXPEVRM0P6apHm4Xk2RxxeWZJNoL2o7Wus8hPwaMrQP1Vza6IcKXPPcpgln8Rd2fL30j1EcHj20Rnnktf8MsoFk80wnr82dpI-qdDzWOr6CogRMbrmfFNurljh9ApMNbWtp7HpJsRyvVDeJP54MVs-JHTn6UplaNPDqvCBKBPBX68FE0XiHD0lA6HyTLF848GiKRzE0TOHTmBr2LE0SZQAudGo_JRHbT6kIWjZpAGdVwxQwXALYoJfKlZg3_NwSK9cje23NtFZmrbB5b58-nk-CgbotgtMAzYL63xP4sX2l-B6pTcMGqREqghhr3fRLs-90ySkXvjLsatoGGtI8XpvXBUv2d4-osP92ZMhRtHhnLEFfQBtwCvuhzyi4fWjxNZy_CUTd_4VaTu0LGAajLczIqa3URCVUjgZTC70RB2lGrYzQGPb5oNPftWgbUKTVre2bRi2mcnhlugOndNoXgOagpfK5cLRz55ck8n-BZPkAwiDLhzJZxq-4V9GdOhTwWHszLDP8LsWxGJ-aDRn8XX_Xd8ozg-QVh_rExe3w0OvDzroecUti6AlENOuOPo4XNkL_rZ7zqP2iCVgO4o5p_TgmYyHP6c1sdWxZ0SfDhxuJz1P_4T0QBN8RPb8MPEj2cetT0qBD4jSBv7DP-hgrRQu5z5AtJnfiLtocRMaIU7I2E8uPLIQu4F3A7h2zjH5jvZrPcTX0V2FDcYNdK2tFbGXTdzfxEY_1wHqR6essS9EnyUMiHjhohVCP7hzIBO2b6WdsmBcvnOV_WwNAZOoEuwG1uzmzGUqNSSy-dtowg6HOOgj5FMeqp-bJhKHcnTl-fSFYRZKFtZczu-mZQn0B5iYW45wVT8FqWcXHyz1MFXwaINEJNl7UwNo91byzfaeew4xPuAHzHZ1kTO3LfXJoyVvT8hHOcd)

## What We’ve Delivered so Far

Our project was founded by Marcelo Silva, where he taught a classroom of 40 students and achieved +30K completions in our online modules at 101.xyz.

![|624x365](https://lh3.googleusercontent.com/u/0/docs/ADP-6oEXUtEt-JJeKcRWCj9w8KCTJV6NycF38AXao1inWg9LHFRmvhJQ07qsSi7h0bKuyxNgNMLfP5oZ4OAUOd7MHI9eDUDV-ckEyu6GAgld6kKki0hxioTjU0Xy7exQPCgyYsO7-4AANo5ysUk6WzCsusVV8i5XvOQ0ahgdmY66Sh0Gl9BlScgn7ZvLbupFYUeb_nN5I2aeMfhnd4fxhZMzZOOfmdBUuE3D_PZsRKRxae0Adx7HJWjDo03qwC6UrqboARK8p6WHoRCIre7KLYNrs7Bs00SKSIKPBEVocSNkuOhVb2EHEY_QPdAdBBqn5NiVnTxR4a4b1Boqhb5Oi7gRZG4MTUxsum8wmdxt0uGyszWn8P4Q7-BOS5bBLrNNEHrAArg9oDg04Bo9-e4rT7WrSrr-S9vA8McAMQgTEsVYYLQDerLGSEzPsYQwdGPMlRgM-i5iVRheWMjcTxQn5NIG4rtoLqZh-jP2ar-Cc8v9AltTCYKwxS9NpiEuy9W7LwwUI4_5VWnHpk-tRGmI09l_GcMXSnQqP-r79c1C_6rQBcPexes7D_nM7aUO1EMN5gaWVRQ4NFqY3wO3xtmby5UaohbzQ5bfsOvlnOF0nWgMwevCjJamufOCbD2P1WxZCKrbSvcy7tkYI4CJed1CbZ6a1UJeLv9J3Mf7MKONGm_yacaMyRiO72cfx5gV4yiNQKYvPr75iaw0_D3hmgFaVrbWut0uOEK-3KUFo-8Nvz6f7PS9n4eN6gW9CdpwQ4jZXq2EKRrnsU5SNuYaUbnS5y2pUfKJg69wIFnwmhFRgw7qclEWZ_CfEwu9ybhvYq6skNM1rMJqUi-al_mlF3Phzy-lff0tiQte7DtkYAou1UbwWQEtsBEuJSlACm33HSIWj39KWpKUSpl9gewsxtu8MbIqzUeJeSWj2-25lXsOMFV2TKbjp8nxyvhUJjVKDTcJeTdFm5zOf3GA8qYmTXCXMkGv4sHo-93lFiMXKHxp)

In December 2022, Ariel Leite led the project to a fresh start with a proposal of a MVP that gained the attention of Prezenti, a Celo VC. We received a grant that allowed the project to hire a team that could fulfill our educational ambitions.

In January, we drew our strategy and mapped potential partners and schools. From February to March we became fully operational and started connecting with schools. We prefer to approach them slowly so we can understand the local reality and adapt our content accordingly.

![|624x624](https://lh3.googleusercontent.com/u/0/docs/ADP-6oHkGwGkf5j_ww1Y4GP9lJGIKdGUianaIEVl8zXgCXDqfREqoWiu31dQVUYsCGKvrsy4wzjUlJqIuYB_4PVWiTOoDqYmS4GWnrqLjD09RjSR1H7owFAcd20i0idwtbrNp-lzTk-opC_Qxq7BjTLo-OCOdd5XKR-dPVLNBjZxIscb_sOGQ-fYZ-ZPZZpMw8I8xyVObpjwNHoEgkMmIUMpTGJfKdCRXdv_BXjymyyOfCoKAL07AVcet2nvxRtYrfEQjraYNvXJ3IBHDJHJtY9pUiCWqlQpcWvGpJfugkVbhbekJyAcI_hILtKwdDvcFLn2_czpLFZpBn5rHZVbMHyE0KxoIRdpt76C5yddT54yqsZ1p2UlU4g3s3rCsFHI2TRbJ6W5vJWkl_0986zLvcrhZshDSwP2DIvB7db-VrWCr9apG697-JpvoYIjNUGtq0Jsalh6OkaGS4pwaeTrFAXnWKOOhBfkJbe86GfOkMEQuBYzFmRmRt3QTC2KXEIGAFGGP5PQOhQ1qynrfdTc1MVsAaO6YTJ0uUfAhTt7RLyxB6vwip3j6qgK49qFFtaKyaHkBE1BpeQAESApx8sHpEjISSQUux5r8hVIDR3XAYqTTWx_JBxKz-NgMARFa2r8fPkhQnWwSlgXMtFArtfgLuTMC00xAS3dPqbEuWaU7XQhFYqtzmuFeCK5NQsyuopdHWsCy32WbuvQQsUGzhw9aLgBfYxuIINSo0IA06sMzVlOjm_eKLXyKP6kEXD6z4wV9QvVV3xkhUNZu_h-2gSYtq-WWIl2TYB6ou__blE-WPR6Q9EiOZ5d8qR5hQ7SzfFc5QiCqjJsCZHYxkxoInV3DNdXp8SEZefhzVq-9JJ1m947JyJGdfUWnfUBH2DGr7JAYuYh_Tht_z3UxW-gykiYpT_XbOGp4dg-jV9spoYbdYtuXvMmsq3VY7T9B7veABIXfJCRSBs8ChSU9lLGff7oVHjhEQUqAx-FPWz4ulws)

![|624x832](https://lh3.googleusercontent.com/u/0/docs/ADP-6oEexEoJXF71DvJuQJfc1n_V_7lNLjXXZqTZ8-sXw3KBQfPvA54yuoRNfoBcsZLHM1RqABy83MEN4SgHSJC3ITbJ4JyVdjjH8AZYsNVB0XluZJRwxRQ6bVRMzYmGLjNjs6lYz4AjyEFigflM9EQ03_jh22iDs6lCR13ziBa3n4L-UU86ti1_Dhj7kmw1vW4RMpwILOFW5wK_jAw0z4Wl00FhCpcJZpf1D9imBf13NZ_rx6VuWKW3wLhwGW26mUFXXfhS6afhdj1oR-td4R_TF0EWNvUzW9UPvvS2hZPuW9_XNh_ny9iYs3_9mzkGN5omOsx0Di4OzG7ps2MJdKBfSirz8lK3OwublrzrNTg1YM1rJYx-gBDWWt9h9J1-n6KQKDazXTy7aiChFrxUB6k0pW1S2g-UCdROjxkZLuVOk7pOT1--D9NqpHJ_Xu94rGWiCTGTNaJyb3xcDbgSW4QRrgg1Ody6iXGb7aV5J8OlFkh3nFWxdBZcFvnqfv7WOkf2yGwDhV1mIXX5IxPrHAEjjVF2Zkewj0hCJpre99ZTgzJBKal6fLIWa9DJGiYU0FfHDBKeDr2t7tp6CGzhaZHEdljq_QrzGCw7LcDgvBfcn8YO-0Kf-atHlsJWkXIuS4sEjtNsu_S3RsnOpn_lGKKx6E5x84e7aqaTQyA-0OhSCZ2z1WH5-ju120Fkg5KEu1ICVa8QwPcihyvGAarDOklMeRp-0epUutG6V8cZimSZ-SMnnKPEUIqcoajZAiQwuxWcUBUsmeOdf3Mw9SBXksrApSVKiIXws0Y1EKhwGoer3cDgXFFff1zt8O_fWJ3t13AbbTDqOy7jgVjs013dvNgRBa3l89v8EEbzIuAXoMS8-ZfAvml5Y5hb5DmLm5vB7i8q9qIAgmGRGDH_QOBbMrOpu2w-6-TSiw8s9SzdOGSH6hRqM3Im-2klEa7OGO7e4lCBQ13X0BNWEQM_cj4Lz44t4Nmbe-1QHA7Zb7QJ)

Our careful approach paid off and we’re already receiving tons of recommendations. In this short time span, we’ve accomplished:

* Presented our project to 8 schools
* Conducted workshops with 4 groups of teachers
* Presented in an open event for students at the Colégio Central (Salvador), one of the most traditional public schools in the city
* Scheduled workshops with 10 classrooms (starting May 2nd)
* Attended the Cripto Connect event in Salvador as a partner project
* Were invited to present in the Creativity and Innovation Festival ([FIC](https://fic.aprendizagemcriativa.org/pt-br/fic-salvador-2-edicao)), hosted by the Instituto Anísio Teixeira (in charge of teacher training in Bahia)

The results we’re collecting this semester will allow us to improve our content, teacher training methodology and course portfolio, making us prepared for expansion starting in July.

### Educational Methodology

Teachers and schools can select between our three course formats:

![|624x311](https://lh3.googleusercontent.com/u/0/docs/ADP-6oF8bGRa80Ajzo6LAX65dzz9lyFreo9csHRyJ_6GWxTvvyPcaLG5fR7uOPkG80CICxd46EjwmY6bveICDZsz-MtTNanrpHonTmchzddyO4pSfhnv2ymKPiSra9COhfmRwLu7WNtFa5lXriD1AO3i9yaEEReA7qOJQzVl3DjZj7-PVDijPbuplewVedTDA5fAli7uA8tMafLKLGvdDEARURWun4OXDBGcDwhS9tR3LWZpAdTMh0g7UaE4GNDsei9a4c2TVsPW8jgNWqBfuKa8BtfDcBaz_va3JCyxnIm0SYH8AqS2gEya4JKKt-5VSfYTqKjmx0ob6Gwou7FQtX-5Wv8sJ4LEYZNcGQh-8gZoTF491nH5wtwHSdxjmShNDQST72zmU_61BaHRepCo8uxVMQJ1_PQ9Rg55ERRA8kXl4aSbefKtFyS_ORHm6yw9qGQk1VsPeXqQ_5YhVRKPlvaHqJe9DgTXdMloCs4YVgU2YYY76YOTLsHmlTDmKHLYvPqlw8yF7WIKfMwuEhRQpsLp5zTtdm8kyil7aeg99rXK8vvddCXJ-PKeOj2f-pc8zLN9nOyzeS1qwytDT1Yt1iWT0YX7h_wguUDD1SGERFmjyQL9j287HGmuKEeeGDTHkspLVlBKgybR7UV0boaLSUQEDwytkXScUsz5ZE_bgvybtrU4P2dy7ybADgOUCLsoPddOZQppTz3N1vSlWKh1-Xky6F2nkOtu7_fSXp0h_mEJ2tJ6QSpo8lp4Jm__IV5TOlrejiDoQxcpUcd1MfWAvnV3OBaVZjhXttc17QpTC4FvdGc_f4N1SEajG_h9COr9OWM2mDbua82gPL2yIXHL1nt1C1H1E3qzHUynTfFT4vK7-ZfamL7agH_6GCWuxLvbx17p9beqsEMj254pHzPzxEOqk99hznIi9vN4NZZWaciDu_qzuAlwQHWKHuI7tv9pi93DZsFg-ip5AOPtgY95YuHUyJcAsUe75qUpiYon)

Besides the format, teachers can also pick one of the following themes: Environment, Equality and Arts.

Our teaching methodology takes students to learn about the fundamentals of blockchain technology and how other projects are leveraging its capabilities to solve real world problems.

We select projects to address during class based on the chosen theme and provide hands-on activities for students to learn actively.

Based on the success of the 101.xyz experiment, we have also created short educational content for students to complete on their own. You can check our modules [here](https://blockchainnaescola.notion.site/Aprendizagem-Divertida-304f13d0368f4df9ab41177e50bbfb3d).

Our goal is to provide a gamified experience to incentivize students to keep up their learning with the $NOS educational token (no financial value) and NFT badges (as they progress through the game levels).

We initially planned to limit the activities to students, but will make the activities public on May 2nd to educate a larger audience. That will also allow us to collect results and improve the content faster.

### Community

It is also worth mentioning that we’re heavily invested in building a community with not only web3 and web2 projects, but also researchers, teachers and social leaders.

That’s also a core part of our expansion strategy. We’ve already piloted it with the [EuAmoMinhaQuebrada](https://www.instagram.com/euamominhaquebradaoficial/) social movement in the Morro do Papagaio favela in Minas Gerais through our partnership with [Blcktopia](https://blckdao.notion.site/Papagaio-EuAmoMinhaQuebrada-b7edfa60fd8a4838a5105556fd9f578b).

![|624x621](https://lh3.googleusercontent.com/u/0/docs/ADP-6oFGwQxuWY6CTft1aDivCJQwtcXbrmOiAqQX_I5MEU13dvAX3sUKv80Ocm7aZ96gSC_AzJ_sUeKIxSOz9kFs4ClgwDwq4JVJN7N6N5eJ4_cG27_NXGWVF0v-bnlYwrWMKBVtcK3mxDPerih2QpyqH71JhIjx2cKCjx5x0ZoeaYogoBznyCvK--bCFFjSGkSXKjst2eE_lKw7TC3kH3JCLJEa9VT7uEJa9-ANkpbvMsfC9hUwCo47hLdt7evQbg8IFhsRUX4OECiUm84q9bUFP-kXugccZI3he0c1IIA0MWFIsh2ye8HuzXAyNCBBbDYFE8U0ECPjdQZ0swt8ByKkPjdaOUNC3CNYF71KHzxwYBeBP_gARaryP75CjbmOGrY5M3UOz1sX_6ZcNRexp-fIKWGciiXhKSwL2xEYlbrESvI2OW60ELNRhF4VU-lmGNrj6WUcBvcqa6qFPpTA7xmvbFTr_NPTQ534yO-OIikHzT6O6d9kgME8rLp5OD6jiXoQltyzS5i0-_LhgjUiDfD-M_iLc7tMazMU_RIOx56Yfd3nlJxyA_qmflF9BnFdI63YYi5dCm3zgJew7YpBqy5Kg_RMBSrASRXqpzUSicIZuZnRHo8aRWMExd9zgUR-DdfrWL9jAGaquajr9dCCofHim645uUHm04eujO8aNzQmMjgnMiIUSx2aAbUloGIq0WT3B-0fmvIKLhUi1lCvRHfk4GpF06K2JzHQJWAcWokGSbLCqdv839VW8Ph2OEDdpnuu0_LhMW3EJVYyMYjEnCgnhOYF7n6_bCJQj3zEzsuM5WDJmsz2ZO-pyoskqevsTgNzEuGcFpLJxngCf6N-K8ZjxBijHTsjxqLooobObvEQDp0jC25RZaqBsN3hb6cHjE4JpxHf2ChH8WHNNttFgifbAklylpvY3Hp9rWEQ1O0pyA_jJMpSHBhKkHLF2rTmgDhOy93ZTCMhyHD1lqp9rC_1VihEa6nfsyQ5EOGD)

We’ll also reach students in Rio de Janeiro through our partnership with [Educar+](https://www.educarmais.net/). These initial experiences will also allow us to build a framework to onboard new partners to support our course expansion in 2H2023.

We plan to dedicate 40% of our funding request to our partners to show them how web3 is changing the funding game forever.

Our community is concentrated in the Northeast region, which could also allow us to expand the web3 footprint in a historically underserved part of Brazil.

## Scaling our Project: 60% of grant proceeds

### Project Expansion

For the second semester, we want to expand to at least 5 additional states in Brazil, reaching +1,000 through the course of the semester.

As mentioned, we’ll focus on the North and Northeast regions, which have lower economic development and a higher concentration of indigenous and black people than the South and Southeast, where the majority of the web3 industry is currently located.

The rationale is to expand the web3 frontier in Brazil while incorporating diversity, equity and inclusion (DEI) at the core of our organization.

As we grow, we’ll also be laying the foundation to decentralize Blockchain na Escola’s management, so the community can gradually take the wheel to guide the organization.

That reinforces the need for us to incorporate DEI policies in our expansion strategy, to make sure we’re onboarding new leaders that’ll continue to represent the underserved communities we’re intentionally approaching.

### Building a Robust Course Portfolio

Our MVP portfolio prioritizes ReFi themes that have high demand from teachers and schools. However, there are other important themes in high demand in public schools that we’d like to explore.

Going forward, we’d like to onboard two additional teachers to the team to support us in training more teachers to expand our reach and to build a more robust course portfolio that can meet additional needs we’ve identified from schools.

We’ve selected themes that could allow us to further capacitate the next generation of web3 builders. Hence, for the second semester we’d like to include the following:

* Exponential technologies: artificial intelligence and blockchain
* Introduction to web3 programming
* Product development and design thinking for web3 projects

### Investing on Technology to Improve Gamification

As mentioned above, we’re testing our hypothesis that gamification can be a powerful driver to incentivize students to learn about blockchain technology.

The results we’re collecting will guide our decisions on how to properly tune the gamification to attract more students and improve learning results.

Provided we confirm our initial hypothesis, we plan to prototype an educational dapp in the second semester.

Our dapp will be lightweight and will run on the browser given limitations with internet bandwidth and phone memory for most students.

It’ll also allow us to introduce additional gaming features to increase students' emotional response to the game, which has been proved to be a major factor in [knowledge learning and retention](https://www.ascd.org/el/articles/how-emotions-affect-learning).

For our first prototype, we plan to include:

* Avatar creation, including cultural elements from African-Brazilian culture
* At least 2 Brazilian landscapes as the game scenario (one urban and one rural)
* At least 10 in-game levels
* At least 1 co-op game mode, where we reward students that cooperate
* At least 3 career paths that students can explore to prepare for their professional career

During the initial 6 months after deployment, we expect our dapp to reach:

* 1000+ unique users
* 100 monthly active users
* 50 daily active users
* 3000 completed activities
* Host 2 in-game events

We’re also partnering with AgroForest DAO on the Redemption Land metaverse project, which is currently focused in agroforest teaching. The collab is focused on two fronts: educational content and student reach.

## Ecosystem Development: 40% of grant proceeds

### Educational Projects

We quickly figured out that scaling web3 education in Brazil is not a mission for a single project. Luckily, there are a lot of awesome initiatives that are targeting education with a variety of methodologies.

We’ll use 40% of the grant proceeds to create a community fund that can be accessed by these partners. The goal is to accelerate blockchain education across multiple target groups.

We’d like to list them here to showcase our partner network in the education space:

* [Play4Change](https://www.play4change.io/)
* [Educar+](https://www.educarmais.net/)
* [Blcktopia](https://blckdao.notion.site/BLCKTOPIA-Home-e2faf8213d8b417b982986f3892520dc)
* [Neduc Coroadinho](https://twitter.com/neduc_social)
* [Elias Eduardo](https://www.youtube.com/@eliaseduardo.oficial)
* [Athena Metaverso ](https://www.instagram.com/athenainmetaverse/)

### Community and Product Development

We’re also looking beyond educational projects in order to foster the North/Northeastern web3 ecosystem.

Our experience at [Cripto Connect](https://www.instagram.com/comunidadecriptoconnect/) showed us how powerful an event can be in putting together multiple minds to solve real world problems using blockchain.

Our goal is to also use the ecosystem development funds to help drive the community’s growth along with its creator [David Costa](https://www.instagram.com/eusou.davidcosta/).

David has already put together an awesome community and we’re looking to build up on his efforts to make sure it can continue to grow and generate impact. More funds also means more events so we can onboard more people to web3 – here, again, we’re prioritizing DEI in our inclusion strategy.

Another pillar of our ecosystem development strategy is to cater web2 projects that could leverage blockchain technology.

We’re actively seeking such projects and helping to educate and inspire them to use web3 capabilities to bring transparency, speed and immutability to their apps.

On that front, the most notable opportunities we’ve identified are [Ayabese](https://www.linkedin.com/company/ayabese/about/), an incubator of social projects such as Afro Saúde and Minha Cesta, and [Cubos Academy](https://cubos.academy/), a startup focused on technological education for underserved communities.


",https://blockchainnaescola.tech/en,bafkreie2zvzgjhmfkfyg6dtya3ezx2lyvmsxuneaqdu7io22kdwfm6towy,bafkreicekbkpdaifgjsm44puzbvhhdvah66e4zps3iwq56yh4xdhbvhpse,1,bafkreidnwpu4dsihhqelf47qauktb4fx26qutsqjxx27qf2gj3ujzzwisu,,,BlckNaEscola,['https://www.w3.org/2018/credentials/v1'],['VerifiableCredential'],did:pkh:eip155:1:0x52fb5461fb325C5F8D3e8443ec10527e32dA72e2,"[{'hash': 'https://schema.org/Text', 'provider': 'https://schema.org/Text'}]",ClearTextTwitter#BlckNaEscola,v0.0.0:CIB7FD0z8UUt5mRA1cy5Yr9q7BmropHfHfo199P00Vc=,did:key:z6MkghvGHLobLEdj1bgRLhS4LPGJAvbMA1tn2zcRyqmYU5LC,2023-04-19T23:46:14.847Z,Ed25519Signature2018,assertionMethod,did:key:z6MkghvGHLobLEdj1bgRLhS4LPGJAvbMA1tn2zcRyqmYU5LC#z6MkghvGHLobLEdj1bgRLhS4LPGJAvbMA1tn2zcRyqmYU5LC,2023-04-19T23:46:14.847Z,eyJhbGciOiJFZERTQSIsImNyaXQiOlsiYjY0Il0sImI2NCI6ZmFsc2V9..4rS4wSLJTOhb0Mqp6xz9D_iSXjBPADF_dIk-kRYsZ1atyGuJ-6MtQnSESU2XliCmxFVfS3Fp-SSXOtisDx8fDQ,2023-07-18T23:46:14.847Z,,,,,,,,,,,,,,,"[{'questionId': 0, 'question': 'Email Address', 'type': 'email', 'hidden': True, 'encryptedAnswer': {'ciphertext': '6AMsWm+irozQ/IYGdf2u5mh8fDTxcrhJO8mQuwezTAX+2BBVMr0Eok+KoDRWOcRi', 'encryptedSymmetricKey': 'c44400dad76e2e270df41b071d8c3816a6d0d672d12803dfc08f22c680baed67734302886a989cc2c400673d75fb1c0d36eddd115f4a4029aa7d13291d0c64e821a72c741235c8b5e6595fd7954ec6e6216d84600c26dfd8a3077317176014a02f0aab724e49b422bc6c51a7ed106c1c38114b79eef0df77d2cce7e0a5dd1ddc00000000000000205b9cc2744cbde29f65ad7f52b93e6bafaf271787602ba098cf8f147224f68e5a93c72d73016749c6a61528b3217c2ca0'}}, {'questionId': 1, 'question': 'Previous project funding sources (VC, grants, token sales, etc)', 'type': 'short-answer', 'hidden': False, 'answer': 'Celo grant'}, {'questionId': 2, 'question': 'Total prior funding for project in USD', 'type': 'number', 'hidden': False, 'answer': '30000'}, {'questionId': 3, 'question': 'Total team size', 'type': 'number', 'hidden': False, 'answer': '6'}, {'questionId': 4, 'question': 'How old is the project? (Months)', 'type': 'number', 'hidden': False, 'answer': '12'}, {'questionId': 5, 'question': 'If you participated in past grant rounds using a different project payout wallet address, please share it here:', 'type': 'address', 'hidden': True, 'encryptedAnswer': {'ciphertext': 'Hn6DecAntmG0gsbCYJHZDwQ1sozRz5ggf7Mmvq17FZQ=', 'encryptedSymmetricKey': '8d63914614898498c821e874bebe991381d1713484f8d768ab4469f19c3b15b1efc0f9ed488d0a0377b68a983b0b7915a06388f911c054e5e158bc8a4e75629d5a832b4f1f5016fb1faec2e6a3234ea057ffe78f6e5fd7c27a0d3366b3cf8fb6b98f1e585d52feb1c1a1534dfe761d308348c0c81150f8a9dec89ae6485391e00000000000000020d0bcade44ab45357926eb6d535f64a494221b77f9fa27e21868442b0c9550e1e32dc27706f4bd9ab3d6271c0fa8dac99'}}, {'questionId': 6, 'question': 'Profiles or socials of other main team members publicly associated with project', 'type': 'paragraph', 'hidden': False, 'answer': 'https://www.instagram.com/arielfl0.0/\nhttps://www.instagram.com/almeidatassi/\nhttps://www.instagram.com/alanpoetico/\nhttps://www.instagram.com/verb4l/\nhttps://www.instagram.com/thewilly_wonka/\nhttps://www.instagram.com/marcelorefi/\n'}, {'questionId': 7, 'question': 'Have you read and confirmed your grant abides by the Program General Eligibility Policy? https://gitcoin.notion.site/Gitcoin-Grants-Beta-Round-Eligibility-b7fca9fd3c26450b89ded11caaa6497f', 'type': 'multiple-choice', 'hidden': True, 'answer': 'Yes'}, {'questionId': 8, 'question': 'How does your project fit into the Community & Education round eligibility criteria? ', 'type': 'paragraph', 'hidden': True, 'answer': ""Blockchain na Escola seeks to improve the web3 ecosystem by onboarding students from underserved communities so they can become builders.\n\nWe already have a proven track-record of impacting students' lives with +30K completions in our 101.xyz modules. \n\nWe're also in touch with public authorities and schools that want to implement our course during this semester, which proves there's real demand for our content in public education.\n""}, {'questionId': 9, 'question': ""If you've participated in past grant rounds, please share any new updates or milestones from the prior months"", 'type': 'paragraph', 'hidden': False, 'answer': '- Presented our project to 8 schools \n- Conducted workshops with 4 groups of teachers\n- Presented in an open event for students at the Colégio Central (Salvador), one of the most traditional public schools in the city\n- Scheduled workshops with 10 classrooms (starting May 2nd)\n- Attended the Cripto Connect event in Salvador as a partner project\n- Were invited to present in the Creativity and Innovation Festival (FIC), hosted by the Instituto Anísio Teixeira (in charge of teacher training in the state of Bahia) \n'}, {'questionId': 10, 'question': ""Anything else you'd like to share about your project, previous work, or other project affiliations? Anything you'd like to add that has not been covered?"", 'type': 'paragraph', 'hidden': False, 'answer': 'Our team consists of: \n\n- one product manager (Ariel Leite) that worked at QuintoAndar and Amazon for 5+ years.\n- one education MSc with 20+ years of experience with social projects (Alan Silva)\n- one finance manager with 8+ years of experience (Tassiane Almeida)\n- one lawyer with 10+ years of experience in humanitarian conflicts and project management (Verber Souza)\n- one photographer and designer with 8+ years of experience (Will Caldeira)\n- one founder and advisor (Marcelo Silva) that is an ecosystem developer at ReFi DAO\n'}, {'questionId': 11, 'question': 'Does 50% of your team reflect the diversity of the community your project serves with a particular emphasis on including women, Black, Indigenous, and People of Color (BIPoC), individuals with disabilities, and members of the LGBTQ+ community?', 'type': 'multiple-choice', 'hidden': True, 'encryptedAnswer': {'ciphertext': 'dZmFBBoG4liRQh/Bf5dcXUba1DCfDdzNxXTvOthW1Qo=', 'encryptedSymmetricKey': '109ee7351b0592db0fa2e98df27556ed3c31f3be62af8dfeb844a7e159143695fc7aa06d2ad9b899e701e1a0d3c3930367c7d2ac86fa6b31da27e09a05e3652f3d7aa69dd6b7d2dc58f0136f3522df351a1f8bbb3fbbeb0129a0079d4cda97b5431c8822871c5047f59f9e14ed9490b7967ae47f312f19e487f9825d88da70620000000000000020ab2cd5b6d153f0e2bc9b9fe31007e4d5861ba9ecb74ab90b2e8784160a43b5166838605e661c7a006cb77dcb9bed73b1'}}]",0xAA40E2E5c8df03d792A52B5458959C320F86ca18,['Web3 Community and Education'],1,<readability.readability.Readability object at 0x000001D5F01FF0A0>,1.8933983334790525,23,-2.6682490599974833,college_graduate,0.15386045024520706,college,5.00275970032264,37,-0.08448682180913454,college_graduate,3.2015095713844994,college_graduate,0.2963845736735306,18,-0.05904951267432135,,0.24159788534444573,9
